from,to,count
Bootstrapping in the cloud with Node (Jon Keating),Bootstrapping in the cloud with Node (Jon Keating),11
Bootstrapping in the cloud with Node (Jon Keating),ECMAScript tools - composable modules and transpiler infrastructure (Constellation),3
Bootstrapping in the cloud with Node (Jon Keating),Node(脳DE).js (高林貴仁),1
Bootstrapping in the cloud with Node (Jon Keating),Node.jsとelasticsearchで全文検索 (swdyh),3
Bootstrapping in the cloud with Node (Jon Keating),Nodeコアの歩き方 ～Nodeの開発に参加しよう～ (大津繁樹),3
Bootstrapping in the cloud with Node (Jon Keating),Untitled (Mikeal Rogers),2
Bootstrapping in the cloud with Node (Jon Keating),layering distributed systems (James Halliday),3
Bootstrapping in the cloud with Node (Jon Keating),基調講演 New Readable Stream in Node 0.10 (Isaac Schlueter),5
ECMAScript tools - composable modules and transpiler infrastructure (Constellation),Bootstrapping in the cloud with Node (Jon Keating),3
ECMAScript tools - composable modules and transpiler infrastructure (Constellation),ECMAScript tools - composable modules and transpiler infrastructure (Constellation),12
ECMAScript tools - composable modules and transpiler infrastructure (Constellation),Node(脳DE).js (高林貴仁),1
ECMAScript tools - composable modules and transpiler infrastructure (Constellation),Node.jsとelasticsearchで全文検索 (swdyh),3
ECMAScript tools - composable modules and transpiler infrastructure (Constellation),Nodeコアの歩き方 ～Nodeの開発に参加しよう～ (大津繁樹),4
ECMAScript tools - composable modules and transpiler infrastructure (Constellation),Running Node.js in Production (Charlie Robbins),2
ECMAScript tools - composable modules and transpiler infrastructure (Constellation),layering distributed systems (James Halliday),4
ECMAScript tools - composable modules and transpiler infrastructure (Constellation),基調講演 New Readable Stream in Node 0.10 (Isaac Schlueter),8
Node(脳DE).js (高林貴仁),Bootstrapping in the cloud with Node (Jon Keating),1
Node(脳DE).js (高林貴仁),ECMAScript tools - composable modules and transpiler infrastructure (Constellation),1
Node(脳DE).js (高林貴仁),Node(脳DE).js (高林貴仁),5
Node(脳DE).js (高林貴仁),Node.jsとelasticsearchで全文検索 (swdyh),2
Node(脳DE).js (高林貴仁),Running Node.js in Production (Charlie Robbins),3
Node(脳DE).js (高林貴仁),layering distributed systems (James Halliday),1
Node(脳DE).js (高林貴仁),基調講演 New Readable Stream in Node 0.10 (Isaac Schlueter),3
Node.jsとelasticsearchで全文検索 (swdyh),Bootstrapping in the cloud with Node (Jon Keating),3
Node.jsとelasticsearchで全文検索 (swdyh),ECMAScript tools - composable modules and transpiler infrastructure (Constellation),3
Node.jsとelasticsearchで全文検索 (swdyh),Node(脳DE).js (高林貴仁),2
Node.jsとelasticsearchで全文検索 (swdyh),Node.jsとelasticsearchで全文検索 (swdyh),7
Node.jsとelasticsearchで全文検索 (swdyh),Nodeコアの歩き方 ～Nodeの開発に参加しよう～ (大津繁樹),2
Node.jsとelasticsearchで全文検索 (swdyh),Running Node.js in Production (Charlie Robbins),2
Node.jsとelasticsearchで全文検索 (swdyh),基調講演 New Readable Stream in Node 0.10 (Isaac Schlueter),6
Nodeコアの歩き方 ～Nodeの開発に参加しよう～ (大津繁樹),Bootstrapping in the cloud with Node (Jon Keating),3
Nodeコアの歩き方 ～Nodeの開発に参加しよう～ (大津繁樹),ECMAScript tools - composable modules and transpiler infrastructure (Constellation),4
Nodeコアの歩き方 ～Nodeの開発に参加しよう～ (大津繁樹),Node.jsとelasticsearchで全文検索 (swdyh),2
Nodeコアの歩き方 ～Nodeの開発に参加しよう～ (大津繁樹),Nodeコアの歩き方 ～Nodeの開発に参加しよう～ (大津繁樹),39
Nodeコアの歩き方 ～Nodeの開発に参加しよう～ (大津繁樹),Running Node.js in Production (Charlie Robbins),21
Nodeコアの歩き方 ～Nodeの開発に参加しよう～ (大津繁樹),Untitled (Mikeal Rogers),18
Nodeコアの歩き方 ～Nodeの開発に参加しよう～ (大津繁樹),layering distributed systems (James Halliday),22
Nodeコアの歩き方 ～Nodeの開発に参加しよう～ (大津繁樹),基調講演 New Readable Stream in Node 0.10 (Isaac Schlueter),29
Running Node.js in Production (Charlie Robbins),ECMAScript tools - composable modules and transpiler infrastructure (Constellation),2
Running Node.js in Production (Charlie Robbins),Node(脳DE).js (高林貴仁),3
Running Node.js in Production (Charlie Robbins),Node.jsとelasticsearchで全文検索 (swdyh),2
Running Node.js in Production (Charlie Robbins),Nodeコアの歩き方 ～Nodeの開発に参加しよう～ (大津繁樹),21
Running Node.js in Production (Charlie Robbins),Running Node.js in Production (Charlie Robbins),35
Running Node.js in Production (Charlie Robbins),Untitled (Mikeal Rogers),24
Running Node.js in Production (Charlie Robbins),layering distributed systems (James Halliday),23
Running Node.js in Production (Charlie Robbins),基調講演 New Readable Stream in Node 0.10 (Isaac Schlueter),25
Untitled (Mikeal Rogers),Bootstrapping in the cloud with Node (Jon Keating),2
Untitled (Mikeal Rogers),Nodeコアの歩き方 ～Nodeの開発に参加しよう～ (大津繁樹),18
Untitled (Mikeal Rogers),Running Node.js in Production (Charlie Robbins),24
Untitled (Mikeal Rogers),Untitled (Mikeal Rogers),36
Untitled (Mikeal Rogers),layering distributed systems (James Halliday),27
Untitled (Mikeal Rogers),基調講演 New Readable Stream in Node 0.10 (Isaac Schlueter),25
layering distributed systems (James Halliday),Bootstrapping in the cloud with Node (Jon Keating),3
layering distributed systems (James Halliday),ECMAScript tools - composable modules and transpiler infrastructure (Constellation),4
layering distributed systems (James Halliday),Node(脳DE).js (高林貴仁),1
layering distributed systems (James Halliday),Nodeコアの歩き方 ～Nodeの開発に参加しよう～ (大津繁樹),22
layering distributed systems (James Halliday),Running Node.js in Production (Charlie Robbins),23
layering distributed systems (James Halliday),Untitled (Mikeal Rogers),27
layering distributed systems (James Halliday),layering distributed systems (James Halliday),43
layering distributed systems (James Halliday),基調講演 New Readable Stream in Node 0.10 (Isaac Schlueter),27
基調講演 New Readable Stream in Node 0.10 (Isaac Schlueter),Bootstrapping in the cloud with Node (Jon Keating),5
基調講演 New Readable Stream in Node 0.10 (Isaac Schlueter),ECMAScript tools - composable modules and transpiler infrastructure (Constellation),8
基調講演 New Readable Stream in Node 0.10 (Isaac Schlueter),Node(脳DE).js (高林貴仁),3
基調講演 New Readable Stream in Node 0.10 (Isaac Schlueter),Node.jsとelasticsearchで全文検索 (swdyh),6
基調講演 New Readable Stream in Node 0.10 (Isaac Schlueter),Nodeコアの歩き方 ～Nodeの開発に参加しよう～ (大津繁樹),29
基調講演 New Readable Stream in Node 0.10 (Isaac Schlueter),Running Node.js in Production (Charlie Robbins),25
基調講演 New Readable Stream in Node 0.10 (Isaac Schlueter),Untitled (Mikeal Rogers),25
基調講演 New Readable Stream in Node 0.10 (Isaac Schlueter),layering distributed systems (James Halliday),27
基調講演 New Readable Stream in Node 0.10 (Isaac Schlueter),基調講演 New Readable Stream in Node 0.10 (Isaac Schlueter),51
